PairID,Condition,Sentence,DI,MIS,Full_DI,Full_MIS
1,High,Apartman girişine asılan habere göre aidatlara zam __________.,geldi,gelmiş,Apartman girişine asılan habere göre aidatlara zam geldi.,Apartman girişine asılan habere göre aidatlara zam gelmiş.
1,Low,Yan apartmanda oturan komşunun söylediğine göre aidatlara zam __________.,geldi,gelmiş,Yan apartmanda oturan komşunun söylediğine göre aidatlara zam geldi.,Yan apartmanda oturan komşunun söylediğine göre aidatlara zam gelmiş.
2,High,Türk hava yollarının yolladığı mesaja göre akşamki uçuşun saatleri __________.,değişti,değişmiş,Türk hava yollarının yolladığı mesaja göre akşamki uçuşun saatleri değişti.,Türk hava yollarının yolladığı mesaja göre akşamki uçuşun saatleri değişmiş.
2,Low,Dün uçan aile bireyinin verdiği habere göre akşamki uçuşun saatleri __________.,değişti,değişmiş,Dün uçan aile bireyinin verdiği habere göre akşamki uçuşun saatleri değişti.,Dün uçan aile bireyinin verdiği habere göre akşamki uçuşun saatleri değişmiş.
3,High,Resmi gazeteye göre bayram tatili 9 gün ilan __________.,edildi,edilmiş,Resmi gazeteye göre bayram tatili 9 gün ilan edildi.,Resmi gazeteye göre bayram tatili 9 gün ilan edilmiş.
3,Low,Takipçi sayısı az olan bir sosyal medya hesabına göre bayram tatili 9 gün ilan __________.,edildi,edilmiş,Takipçi sayısı az olan bir sosyal medya hesabına göre bayram tatili 9 gün ilan edildi.,Takipçi sayısı az olan bir sosyal medya hesabına göre bayram tatili 9 gün ilan edilmiş.
4,High,Kurumun resmi sayfasından gelen habere göre bugünkü dersler iptal __________.,edildi,edilmiş,Kurumun resmi sayfasından gelen habere göre bugünkü dersler iptal edildi.,Kurumun resmi sayfasından gelen habere göre bugünkü dersler iptal edilmiş.
4,Low,Resmi olmayan kaynağın haberine göre bugünkü dersler iptal __________.,edildi,edilmiş,Resmi olmayan kaynağın haberine göre bugünkü dersler iptal edildi.,Resmi olmayan kaynağın haberine göre bugünkü dersler iptal edilmiş.
5,High,Uzun süren karantinadan sonra sağlık bakanının televizyondaki konuşmasına göre dışarı çıkma yasağı __________.,kalktı,kalkmış,Uzun süren karantinadan sonra sağlık bakanının televizyondaki konuşmasına göre dışarı çıkma yasağı kalktı.,Uzun süren karantinadan sonra sağlık bakanının televizyondaki konuşmasına göre dışarı çıkma yasağı kalkmış.
5,Low,Facebookta yapılan habere göre dışarı çıkma yasağı __________.,kalktı,kalkmış,Facebookta yapılan habere göre dışarı çıkma yasağı kalktı.,Facebookta yapılan habere göre dışarı çıkma yasağı kalkmış.
6,High,Şirketin ceosunun gönderdiği veda mailine göre genel müdür istifa __________.,etti,etmiş,Şirketin ceosunun gönderdiği veda mailine göre genel müdür istifa etti.,Şirketin ceosunun gönderdiği veda mailine göre genel müdür istifa etmiş.
6,Low,Sigara molasında denk gelen diğer şirkette çalışan güvenliğin haberine göre genel müdür istifa __________.,etti,etmiş,Sigara molasında denk gelen diğer şirkette çalışan güvenliğin haberine göre genel müdür istifa etti.,Sigara molasında denk gelen diğer şirkette çalışan güvenliğin haberine göre genel müdür istifa etmiş.
7,High,Nasanın canlı yayında başlattığı sayaca göre geri sayım __________.,başladı,başlamış,Nasanın canlı yayında başlattığı sayaca göre geri sayım başladı.,Nasanın canlı yayında başlattığı sayaca göre geri sayım başlamış.
7,Low,Uzaylılarla ilgili komplo teoriler paylaşan instagram sayfasının duyuru kanalına göre geri sayım __________.,başladı,başlamış,Uzaylılarla ilgili komplo teoriler paylaşan instagram sayfasının duyuru kanalına göre geri sayım başladı.,Uzaylılarla ilgili komplo teoriler paylaşan instagram sayfasının duyuru kanalına göre geri sayım başlamış.
8,High,Hastanenin astığı duyuruya göre hasta ziyaret saatleri __________.,değişti,değişmiş,Hastanenin astığı duyuruya göre hasta ziyaret saatleri değişti.,Hastanenin astığı duyuruya göre hasta ziyaret saatleri değişmiş.
8,Low,Sokakta geçen birine göre hasta ziyaret saatleri __________.,değişti,değişmiş,Sokakta geçen birine göre hasta ziyaret saatleri değişti.,Sokakta geçen birine göre hasta ziyaret saatleri değişmiş.
9,High,İnstagramın twitter üzerinden yaptığı duyuruya göre instagramdaki hata __________.,çözüldü,çözülmüş,İnstagramın twitter üzerinden yaptığı duyuruya göre instagramdaki hata çözüldü.,İnstagramın twitter üzerinden yaptığı duyuruya göre instagramdaki hata çözülmüş.
9,Low,Forum sitesindeki bende açılıyor diyen kullanıcıya göre instagramdaki hata __________.,çözüldü,çözülmüş,Forum sitesindeki bende açılıyor diyen kullanıcıya göre instagramdaki hata çözüldü.,Forum sitesindeki bende açılıyor diyen kullanıcıya göre instagramdaki hata çözülmüş.
10,High,İtalya konsolosluğunun web sitesinde yayınladığı habere göre İtalya vize randevuları __________.,açıldı,açılmış,İtalya konsolosluğunun web sitesinde yayınladığı habere göre İtalya vize randevuları açıldı.,İtalya konsolosluğunun web sitesinde yayınladığı habere göre İtalya vize randevuları açılmış.
10,Low,Bir instagram paylaşımına göre İtalya vize randevuları __________.,açıldı,açılmış,Bir instagram paylaşımına göre İtalya vize randevuları açıldı.,Bir instagram paylaşımına göre İtalya vize randevuları açılmış.
11,High,Konseri organize eden şirketin haberine göre konser iptal __________.,edildi,edilmiş,Konseri organize eden şirketin haberine göre konser iptal edildi.,Konseri organize eden şirketin haberine göre konser iptal edilmiş.
11,Low,Anonim bir twitter kullanıcısının yaptığı paylaşıma göre konser iptal __________.,edildi,edilmiş,Anonim bir twitter kullanıcısının yaptığı paylaşıma göre konser iptal edildi.,Anonim bir twitter kullanıcısının yaptığı paylaşıma göre konser iptal edilmiş.
12,High,Banka hesabıma gelen bildirime göre maaşlar __________.,yattı,yatmış,Banka hesabıma gelen bildirime göre maaşlar yattı.,Banka hesabıma gelen bildirime göre maaşlar yatmış.
12,Low,Muhasebedeki çalışanın söylediğine göre maaşlar __________.,yattı,yatmış,Muhasebedeki çalışanın söylediğine göre maaşlar yattı.,Muhasebedeki çalışanın söylediğine göre maaşlar yatmış.
13,High,Samsung ana sayfasındaki haber göre samsung işlemcisini __________.,değiştirdi,değiştirmiş,Samsung ana sayfasındaki haber göre samsung işlemcisini değiştirdi.,Samsung ana sayfasındaki haber göre samsung işlemcisini değiştirmiş.
13,Low,Doğrulanmamış bir teknoloji sayfasının haberine göre samsung işlemcisini __________.,değiştirdi,değiştirmiş,Doğrulanmamış bir teknoloji sayfasının haberine göre samsung işlemcisini değiştirdi.,Doğrulanmamış bir teknoloji sayfasının haberine göre samsung işlemcisini değiştirmiş.
14,High,Oyun yapımcısının yayınladığı yama notlarına göre silahın gücü __________.,azaltıldı,azaltılmış,Oyun yapımcısının yayınladığı yama notlarına göre silahın gücü azaltıldı.,Oyun yapımcısının yayınladığı yama notlarına göre silahın gücü azaltılmış.
14,Low,Oyun lobisinde denk gelen başka bir oyuncunun söylemine göre silahın gücü __________.,azaltıldı,azaltılmış,Oyun lobisinde denk gelen başka bir oyuncunun söylemine göre silahın gücü azaltıldı.,Oyun lobisinde denk gelen başka bir oyuncunun söylemine göre silahın gücü azaltılmış.
15,High,Gelen resmi maile göre steam yaz indirimleri dün __________.,başladı,başlamış,Gelen resmi maile göre steam yaz indirimleri dün başladı.,Gelen resmi maile göre steam yaz indirimleri dün başlamış.
15,Low,Oyun forum sitesinde anonim kullanıcısının paylaştığı gönderiye göre steam yaz indirimleri dün __________.,başladı,başlamış,Oyun forum sitesinde anonim kullanıcısının paylaştığı gönderiye göre steam yaz indirimleri dün başladı.,Oyun forum sitesinde anonim kullanıcısının paylaştığı gönderiye göre steam yaz indirimleri dün başlamış.
16,High,Belediyenin sms uyarısına göre sular __________.,kesildi,kesilmiş,Belediyenin sms uyarısına göre sular kesildi.,Belediyenin sms uyarısına göre sular kesilmiş.
16,Low,Yan binadaki teyzenin dediğine göre sular __________.,kesildi,kesilmiş,Yan binadaki teyzenin dediğine göre sular kesildi.,Yan binadaki teyzenin dediğine göre sular kesilmiş.
17,High,Milli eğitim bakanlığının internet sitesine göre sınav ileri tarihe __________.,ertelendi,ertelenmiş,Milli eğitim bakanlığının internet sitesine göre sınav ileri tarihe ertelendi.,Milli eğitim bakanlığının internet sitesine göre sınav ileri tarihe ertelenmiş.
17,Low,Anonim bir telegram grubunun duyurusuna göre sınav ileri tarihe __________.,ertelendi,ertelenmiş,Anonim bir telegram grubunun duyurusuna göre sınav ileri tarihe ertelendi.,Anonim bir telegram grubunun duyurusuna göre sınav ileri tarihe ertelenmiş.
18,High,İstasyondaki anonsa göre tren perona __________.,girdi,girmiş,İstasyondaki anonsa göre tren perona girdi.,İstasyondaki anonsa göre tren perona girmiş.
18,Low,Bavullu yolcuların koşuşturmasına göre tren perona __________.,girdi,girmiş,Bavullu yolcuların koşuşturmasına göre tren perona girdi.,Bavullu yolcuların koşuşturmasına göre tren perona girmiş.
19,High,Yeni modeli tanıtılan telefonun internet sitesindeki habere göre yeni modelin fiyatı belli __________.,oldu,olmuş,Yeni modeli tanıtılan telefonun internet sitesindeki habere göre yeni modelin fiyatı belli oldu.,Yeni modeli tanıtılan telefonun internet sitesindeki habere göre yeni modelin fiyatı belli olmuş.
19,Low,İnstagramda teknolojiyle alakalı paylaşımlar yapan sayfaya göre yeni modelin fiyatı belli __________.,oldu,olmuş,İnstagramda teknolojiyle alakalı paylaşımlar yapan sayfaya göre yeni modelin fiyatı belli oldu.,İnstagramda teknolojiyle alakalı paylaşımlar yapan sayfaya göre yeni modelin fiyatı belli olmuş.
20,High,Galatasarayın yaptığı resmi KAP açıklamasına göre yeni transferleriyle görüşmelere __________.,başlandı,başlanmış,Galatasarayın yaptığı resmi KAP açıklamasına göre yeni transferleriyle görüşmelere başlandı.,Galatasarayın yaptığı resmi KAP açıklamasına göre yeni transferleriyle görüşmelere başlanmış.
20,Low,Galatasaray ile ilgili internette spor yorumculuğu yapan spor yorumcusunun haberine göre yeni transferleriyle görüşmelere __________.,başlandı,başlanmış,Galatasaray ile ilgili internette spor yorumculuğu yapan spor yorumcusunun haberine göre yeni transferleriyle görüşmelere başlandı.,Galatasaray ile ilgili internette spor yorumculuğu yapan spor yorumcusunun haberine göre yeni transferleriyle görüşmelere başlanmış.
21,High,Valiliğin yazılı açıklamasına göre şehir girişindeki kontrol noktaları __________.,kaldırıldı,kaldırılmış,Valiliğin yazılı açıklamasına göre şehir girişindeki kontrol noktaları kaldırıldı.,Valiliğin yazılı açıklamasına göre şehir girişindeki kontrol noktaları kaldırılmış.
21,Low,Mahalle whatsapp grubundaki mesaja göre şehir girişindeki kontrol noktaları __________.,kaldırıldı,kaldırılmış,Mahalle whatsapp grubundaki mesaja göre şehir girişindeki kontrol noktaları kaldırıldı.,Mahalle whatsapp grubundaki mesaja göre şehir girişindeki kontrol noktaları kaldırılmış.
22,High,Belediyenin resmi web sitesindeki duyuruya göre otopark ücretleri __________.,arttı,artmış,Belediyenin resmi web sitesindeki duyuruya göre otopark ücretleri arttı.,Belediyenin resmi web sitesindeki duyuruya göre otopark ücretleri artmış.
22,Low,Kahvede oturanların dedikodusuna göre otopark ücretleri __________.,arttı,artmış,Kahvede oturanların dedikodusuna göre otopark ücretleri arttı.,Kahvede oturanların dedikodusuna göre otopark ücretleri artmış.
23,High,Ulaştırma bakanlığının yayımladığı bildirime göre köprü geçiş ücretleri __________.,güncellendi,güncellenmiş,Ulaştırma bakanlığının yayımladığı bildirime göre köprü geçiş ücretleri güncellendi.,Ulaştırma bakanlığının yayımladığı bildirime göre köprü geçiş ücretleri güncellenmiş.
23,Low,Telegramdaki isimsiz kanala göre köprü geçiş ücretleri __________.,güncellendi,güncellenmiş,Telegramdaki isimsiz kanala göre köprü geçiş ücretleri güncellendi.,Telegramdaki isimsiz kanala göre köprü geçiş ücretleri güncellenmiş.
24,High,İlçe belediyesinin zabıta duyurusuna göre pazarda poşet kullanımı __________.,yasaklandı,yasaklanmış,İlçe belediyesinin zabıta duyurusuna göre pazarda poşet kullanımı yasaklandı.,İlçe belediyesinin zabıta duyurusuna göre pazarda poşet kullanımı yasaklanmış.
24,Low,Sokakta simitçinin söylediğine göre pazarda poşet kullanımı __________.,yasaklandı,yasaklanmış,Sokakta simitçinin söylediğine göre pazarda poşet kullanımı yasaklandı.,Sokakta simitçinin söylediğine göre pazarda poşet kullanımı yasaklanmış.
25,High,Meteorolojinin resmi uyarısına göre bu akşam fırtına __________.,başladı,başlamış,Meteorolojinin resmi uyarısına göre bu akşam fırtına başladı.,Meteorolojinin resmi uyarısına göre bu akşam fırtına başlamış.
25,Low,Camdan bakan komşunun yorumuna göre bu akşam fırtına __________.,başladı,başlamış,Camdan bakan komşunun yorumuna göre bu akşam fırtına başladı.,Camdan bakan komşunun yorumuna göre bu akşam fırtına başlamış.
26,High,Meteorolojinin radar görüntülerine göre kar yağışı __________.,yaklaştı,yaklaşmış,Meteorolojinin radar görüntülerine göre kar yağışı yaklaştı.,Meteorolojinin radar görüntülerine göre kar yağışı yaklaşmış.
26,Low,Hava durumu tahmini yapan amatör bir instagram sayfasına göre kar yağışı __________.,yaklaştı,yaklaşmış,Hava durumu tahmini yapan amatör bir instagram sayfasına göre kar yağışı yaklaştı.,Hava durumu tahmini yapan amatör bir instagram sayfasına göre kar yağışı yaklaşmış.
27,High,Afadın paylaştığı bilgi notuna göre artçı sarsıntılar __________.,azaldı,azalmış,Afadın paylaştığı bilgi notuna göre artçı sarsıntılar azaldı.,Afadın paylaştığı bilgi notuna göre artçı sarsıntılar azalmış.
27,Low,Sosyal medyada sürekli deprem tahmini paylaşan bir kullanıcıya göre artçı sarsıntılar __________.,azaldı,azalmış,Sosyal medyada sürekli deprem tahmini paylaşan bir kullanıcıya göre artçı sarsıntılar azaldı.,Sosyal medyada sürekli deprem tahmini paylaşan bir kullanıcıya göre artçı sarsıntılar azalmış.
28,High,Elektrik dağıtım şirketinin arıza duyurusuna göre mahallenin elektrikleri __________.,kesildi,kesilmiş,Elektrik dağıtım şirketinin arıza duyurusuna göre mahallenin elektrikleri kesildi.,Elektrik dağıtım şirketinin arıza duyurusuna göre mahallenin elektrikleri kesilmiş.
28,Low,Sitedeki güvenliğin dediğine göre mahallenin elektrikleri __________.,kesildi,kesilmiş,Sitedeki güvenliğin dediğine göre mahallenin elektrikleri kesildi.,Sitedeki güvenliğin dediğine göre mahallenin elektrikleri kesilmiş.
29,High,Su idaresinin resmi bildirimine göre su kesintisi __________.,başladı,başlamış,Su idaresinin resmi bildirimine göre su kesintisi başladı.,Su idaresinin resmi bildirimine göre su kesintisi başlamış.
29,Low,Musluktan su yok diye yazılan bir yoruma göre su kesintisi __________.,başladı,başlamış,Musluktan su yok diye yazılan bir yoruma göre su kesintisi başladı.,Musluktan su yok diye yazılan bir yoruma göre su kesintisi başlamış.
30,High,Doğalgaz şirketinin SMS uyarısına göre doğalgaz basıncı __________.,düştü,düşmüş,Doğalgaz şirketinin SMS uyarısına göre doğalgaz basıncı düştü.,Doğalgaz şirketinin SMS uyarısına göre doğalgaz basıncı düşmüş.
30,Low,Apartman girişinde konuşulanlara göre doğalgaz basıncı __________.,düştü,düşmüş,Apartman girişinde konuşulanlara göre doğalgaz basıncı düştü.,Apartman girişinde konuşulanlara göre doğalgaz basıncı düşmüş.
31,High,Üniversitenin öğrenci işlerinden gelen maile göre yarınki sınav __________.,ertelendi,ertelenmiş,Üniversitenin öğrenci işlerinden gelen maile göre yarınki sınav ertelendi.,Üniversitenin öğrenci işlerinden gelen maile göre yarınki sınav ertelenmiş.
31,Low,Sınıf whatsapp grubunda yazılana göre yarınki sınav __________.,ertelendi,ertelenmiş,Sınıf whatsapp grubunda yazılana göre yarınki sınav ertelendi.,Sınıf whatsapp grubunda yazılana göre yarınki sınav ertelenmiş.
32,High,Fakültenin resmi duyurusuna göre dersin sınıfı __________.,değişti,değişmiş,Fakültenin resmi duyurusuna göre dersin sınıfı değişti.,Fakültenin resmi duyurusuna göre dersin sınıfı değişmiş.
32,Low,Kantinde konuşulanlara göre dersin sınıfı __________.,değişti,değişmiş,Kantinde konuşulanlara göre dersin sınıfı değişti.,Kantinde konuşulanlara göre dersin sınıfı değişmiş.
33,High,Rektörlüğün akademik takvimine göre bahar dönemi kayıtları __________.,uzatıldı,uzatılmış,Rektörlüğün akademik takvimine göre bahar dönemi kayıtları uzatıldı.,Rektörlüğün akademik takvimine göre bahar dönemi kayıtları uzatılmış.
33,Low,Arkadaşının arkadaşının söylediğine göre bahar dönemi kayıtları __________.,uzatıldı,uzatılmış,Arkadaşının arkadaşının söylediğine göre bahar dönemi kayıtları uzatıldı.,Arkadaşının arkadaşının söylediğine göre bahar dönemi kayıtları uzatılmış.
34,High,Bölüm sekreterliğinin attığı mailde yazdığına göre danışmanlık saatleri __________.,güncellendi,güncellenmiş,Bölüm sekreterliğinin attığı mailde yazdığına göre danışmanlık saatleri güncellendi.,Bölüm sekreterliğinin attığı mailde yazdığına göre danışmanlık saatleri güncellenmiş.
34,Low,Twitterda dolaşan bir ekran görüntüsüne göre danışmanlık saatleri __________.,güncellendi,güncellenmiş,Twitterda dolaşan bir ekran görüntüsüne göre danışmanlık saatleri güncellendi.,Twitterda dolaşan bir ekran görüntüsüne göre danışmanlık saatleri güncellenmiş.
35,High,Kütüphanenin resmi duyurusuna göre kütüphane çalışma saatleri __________.,uzadı,uzamış,Kütüphanenin resmi duyurusuna göre kütüphane çalışma saatleri uzadı.,Kütüphanenin resmi duyurusuna göre kütüphane çalışma saatleri uzamış.
35,Low,Kütüphane önünde sıra bekleyen birine göre kütüphane çalışma saatleri __________.,uzadı,uzamış,Kütüphane önünde sıra bekleyen birine göre kütüphane çalışma saatleri uzadı.,Kütüphane önünde sıra bekleyen birine göre kütüphane çalışma saatleri uzamış.
36,High,Yurt yönetiminin asılı duyurusuna göre yurt giriş saati __________.,değişti,değişmiş,Yurt yönetiminin asılı duyurusuna göre yurt giriş saati değişti.,Yurt yönetiminin asılı duyurusuna göre yurt giriş saati değişmiş.
36,Low,Yurttaki oda arkadaşının dediğine göre yurt giriş saati __________.,değişti,değişmiş,Yurttaki oda arkadaşının dediğine göre yurt giriş saati değişti.,Yurttaki oda arkadaşının dediğine göre yurt giriş saati değişmiş.
37,High,Öğrenci kartı sistemindeki bildiriye göre kampüs kartı bakiyesi __________.,bitti,bitmiş,Öğrenci kartı sistemindeki bildiriye göre kampüs kartı bakiyesi bitti.,Öğrenci kartı sistemindeki bildiriye göre kampüs kartı bakiyesi bitmiş.
37,Low,Turnikeden geçemediğini söyleyen birine göre kampüs kartı bakiyesi __________.,bitti,bitmiş,Turnikeden geçemediğini söyleyen birine göre kampüs kartı bakiyesi bitti.,Turnikeden geçemediğini söyleyen birine göre kampüs kartı bakiyesi bitmiş.
38,High,Dersin resmi sayfasındaki duyuruya göre ödev teslim tarihi __________.,uzatıldı,uzatılmış,Dersin resmi sayfasındaki duyuruya göre ödev teslim tarihi uzatıldı.,Dersin resmi sayfasındaki duyuruya göre ödev teslim tarihi uzatılmış.
38,Low,Grup sohbetinde paylaşılan mesaja göre ödev teslim tarihi __________.,uzatıldı,uzatılmış,Grup sohbetinde paylaşılan mesaja göre ödev teslim tarihi uzatıldı.,Grup sohbetinde paylaşılan mesaja göre ödev teslim tarihi uzatılmış.
39,High,Burs ofisinin resmi listesine göre burs sonuçları __________.,açıklandı,açıklanmış,Burs ofisinin resmi listesine göre burs sonuçları açıklandı.,Burs ofisinin resmi listesine göre burs sonuçları açıklanmış.
39,Low,Koridorda konuşulan dedikoduya göre burs sonuçları __________.,açıklandı,açıklanmış,Koridorda konuşulan dedikoduya göre burs sonuçları açıklandı.,Koridorda konuşulan dedikoduya göre burs sonuçları açıklanmış.
40,High,Final haftası programına göre sınav gözetmenleri __________.,değişti,değişmiş,Final haftası programına göre sınav gözetmenleri değişti.,Final haftası programına göre sınav gözetmenleri değişmiş.
40,Low,Başka üniversitede sınavlara giren öğrenciye göre sınav gözetmenleri __________.,değişti,değişmiş,Başka üniversitede sınavlara giren öğrenciye göre sınav gözetmenleri değişti.,Başka üniversitede sınavlara giren öğrenciye göre sınav gözetmenleri değişmiş.
41,High,Havayolunun mobil uygulamasındaki bildirime göre Ankara uçağı __________.,gecikti,gecikmiş,Havayolunun mobil uygulamasındaki bildirime göre Ankara uçağı gecikti.,Havayolunun mobil uygulamasındaki bildirime göre Ankara uçağı gecikmiş.
41,Low,Check-in sırasında tanıştığın yolcunun dediğine göre Ankara uçağı __________.,gecikti,gecikmiş,Check-in sırasında tanıştığın yolcunun dediğine göre Ankara uçağı gecikti.,Check-in sırasında tanıştığın yolcunun dediğine göre Ankara uçağı gecikmiş.
42,High,Havalimanının uçuş bilgi ekranına göre İzmir seferi iptal __________.,edildi,edilmiş,Havalimanının uçuş bilgi ekranına göre İzmir seferi iptal edildi.,Havalimanının uçuş bilgi ekranına göre İzmir seferi iptal edilmiş.
42,Low,Terminaldeki kalabalığa bakarak göre İzmir seferi iptal __________.,edildi,edilmiş,Terminaldeki kalabalığa bakarak göre İzmir seferi iptal edildi.,Terminaldeki kalabalığa bakarak göre İzmir seferi iptal edilmiş.
43,High,Otogarın resmi anonsuna göre Bursa otobüsü __________.,kalktı,kalkmış,Otogarın resmi anonsuna göre Bursa otobüsü kalktı.,Otogarın resmi anonsuna göre Bursa otobüsü kalkmış.
43,Low,Bilet kuyruğundaki birinin iddiasına göre Bursa otobüsü __________.,kalktı,kalkmış,Bilet kuyruğundaki birinin iddiasına göre Bursa otobüsü kalktı.,Bilet kuyruğundaki birinin iddiasına göre Bursa otobüsü kalkmış.
44,High,Şehir metrosunun resmi duyurusuna göre metro hattında seferler __________.,aksadı,aksamış,Şehir metrosunun resmi duyurusuna göre metro hattında seferler aksadı.,Şehir metrosunun resmi duyurusuna göre metro hattında seferler aksamış.
44,Low,Vagonda şikayet eden yolcunun dediğine göre metro hattında seferler __________.,aksadı,aksamış,Vagonda şikayet eden yolcunun dediğine göre metro hattında seferler aksadı.,Vagonda şikayet eden yolcunun dediğine göre metro hattında seferler aksamış.
45,High,Demir yolu istasyon ekranındaki bilgilendirmeye göre tren rötar __________.,yaptı,yapmış,Demir yolu istasyon ekranındaki bilgilendirmeye göre tren rötar yaptı.,Demir yolu istasyon ekranındaki bilgilendirmeye göre tren rötar yapmış.
45,Low,Perondaki yolcuların söylentisine göre tren rötar __________.,yaptı,yapmış,Perondaki yolcuların söylentisine göre tren rötar yaptı.,Perondaki yolcuların söylentisine göre tren rötar yapmış.
46,High,Karayollarının yol durumu sayfasına göre tünel __________.,kapatıldı,kapatılmış,Karayollarının yol durumu sayfasına göre tünel kapatıldı.,Karayollarının yol durumu sayfasına göre tünel kapatılmış.
46,Low,Arabadan inip sinirli şekilde geri dönen şöfore göre tünel __________.,kapatıldı,kapatılmış,Arabadan inip sinirli şekilde geri dönen şöfore göre tünel kapatıldı.,Arabadan inip sinirli şekilde geri dönen şöfore göre tünel kapatılmış.
47,High,Kargo firmasının takip sistemine göre paket dağıtıma __________.,çıktı,çıkmış,Kargo firmasının takip sistemine göre paket dağıtıma çıktı.,Kargo firmasının takip sistemine göre paket dağıtıma çıkmış.
47,Low,Paketinin geldiğini yazan bir twitter yorumuna göre paket dağıtıma __________.,çıktı,çıkmış,Paketinin geldiğini yazan bir twitter yorumuna göre paket dağıtıma çıktı.,Paketinin geldiğini yazan bir twitter yorumuna göre paket dağıtıma çıkmış.
48,High,Taksimetrede yazan fiyat sistemine göre taksi ücreti __________.,arttı,artmış,Taksimetrede yazan fiyat sistemine göre taksi ücreti arttı.,Taksimetrede yazan fiyat sistemine göre taksi ücreti artmış.
48,Low,Otobüsten inen yolcuya göre taksi ücreti __________.,arttı,artmış,Otobüsten inen yolcuya göre taksi ücreti arttı.,Otobüsten inen yolcuya göre taksi ücreti artmış.
49,High,Bilet satış sitesinin resmi bildirimine göre konser biletleri __________.,tükendi,tükenmiş,Bilet satış sitesinin resmi bildirimine göre konser biletleri tükendi.,Bilet satış sitesinin resmi bildirimine göre konser biletleri tükenmiş.
49,Low,İkinci el bilet satan bir instagram sayfasına göre konser biletleri __________.,tükendi,tükenmiş,İkinci el bilet satan bir instagram sayfasına göre konser biletleri tükendi.,İkinci el bilet satan bir instagram sayfasına göre konser biletleri tükenmiş.
50,High,Otobüs şirketinin resmi mesajına göre sefer saati __________.,değişti,değişmiş,Otobüs şirketinin resmi mesajına göre sefer saati değişti.,Otobüs şirketinin resmi mesajına göre sefer saati değişmiş.
50,Low,Durakta bekleyen birinin söylediğine göre sefer saati __________.,değişti,değişmiş,Durakta bekleyen birinin söylediğine göre sefer saati değişti.,Durakta bekleyen birinin söylediğine göre sefer saati değişmiş.
51,High,E-nabız sistemindeki duyuruya göre grip aşısı randevuları __________.,açıldı,açılmış,E-nabız sistemindeki duyuruya göre grip aşısı randevuları açıldı.,E-nabız sistemindeki duyuruya göre grip aşısı randevuları açılmış.
51,Low,Facebook grubunda paylaşılan söylentiye göre grip aşısı randevuları __________.,açıldı,açılmış,Facebook grubunda paylaşılan söylentiye göre grip aşısı randevuları açıldı.,Facebook grubunda paylaşılan söylentiye göre grip aşısı randevuları açılmış.
52,High,Hastanenin çağrı merkezinden gelen bilgiye göre poliklinik randevuları __________.,doldu,dolmuş,Hastanenin çağrı merkezinden gelen bilgiye göre poliklinik randevuları doldu.,Hastanenin çağrı merkezinden gelen bilgiye göre poliklinik randevuları dolmuş.
52,Low,Koridorda duyduğunu söyleyen birine göre poliklinik randevuları __________.,doldu,dolmuş,Koridorda duyduğunu söyleyen birine göre poliklinik randevuları doldu.,Koridorda duyduğunu söyleyen birine göre poliklinik randevuları dolmuş.
53,High,Eczacılar odasının duyurusuna göre bazı antibiyotikler __________.,tükendi,tükenmiş,Eczacılar odasının duyurusuna göre bazı antibiyotikler tükendi.,Eczacılar odasının duyurusuna göre bazı antibiyotikler tükenmiş.
53,Low,Grip ilacı almaya giden amcaya göre bazı antibiyotikler __________.,tükendi,tükenmiş,Grip ilacı almaya giden amcaya göre bazı antibiyotikler tükendi.,Grip ilacı almaya giden amcaya göre bazı antibiyotikler tükenmiş.
54,High,Sağlık bakanlığının resmi açıklamasına göre maske zorunluluğu __________.,kalktı,kalkmış,Sağlık bakanlığının resmi açıklamasına göre maske zorunluluğu kalktı.,Sağlık bakanlığının resmi açıklamasına göre maske zorunluluğu kalkmış.
54,Low,Maske karşıtı gönderimleri olan twitter sayfasına göre maske zorunluluğu __________.,kalktı,kalkmış,Maske karşıtı gönderimleri olan twitter sayfasına göre maske zorunluluğu kalktı.,Maske karşıtı gönderimleri olan twitter sayfasına göre maske zorunluluğu kalkmış.
55,High,Market çalışanının söylediğine göre dün zeytinyağında indirim __________.,vardı,varmış,Market çalışanının söylediğine göre dün zeytinyağında indirim vardı.,Market çalışanının söylediğine göre dün zeytinyağında indirim varmış.
55,Low,Marketten soğan aldığını söyleyen komşuya göre dün zeytinyağında indirim __________.,vardı,varmış,Marketten soğan aldığını söyleyen komşuya göre dün zeytinyağında indirim vardı.,Marketten soğan aldığını söyleyen komşuya göre dün zeytinyağında indirim varmış.
56,High,Aile hekimliğinin sistem mesajına göre aşı stoğu __________.,geldi,gelmiş,Aile hekimliğinin sistem mesajına göre aşı stoğu geldi.,Aile hekimliğinin sistem mesajına göre aşı stoğu gelmiş.
56,Low,Komşunun kuzeninin anlattığına göre aşı stoğu __________.,geldi,gelmiş,Komşunun kuzeninin anlattığına göre aşı stoğu geldi.,Komşunun kuzeninin anlattığına göre aşı stoğu gelmiş.
57,High,Ürünün resmi geri çağırma duyurusuna göre bazı bebek mamaları geri __________.,çekildi,çekilmiş,Ürünün resmi geri çağırma duyurusuna göre bazı bebek mamaları geri çekildi.,Ürünün resmi geri çağırma duyurusuna göre bazı bebek mamaları geri çekilmiş.
57,Low,Bir yorum sitesindeki şikayete göre bazı bebek mamaları geri __________.,çekildi,çekilmiş,Bir yorum sitesindeki şikayete göre bazı bebek mamaları geri çekildi.,Bir yorum sitesindeki şikayete göre bazı bebek mamaları geri çekilmiş.
58,High,Laboratuvarın sonuç ekranındaki bildirime göre test sonuçları __________.,çıktı,çıkmış,Laboratuvarın sonuç ekranındaki bildirime göre test sonuçları çıktı.,Laboratuvarın sonuç ekranındaki bildirime göre test sonuçları çıkmış.
58,Low,WhatsApp üzerinden gelen fotoğrafa göre test sonuçları __________.,çıktı,çıkmış,WhatsApp üzerinden gelen fotoğrafa göre test sonuçları çıktı.,WhatsApp üzerinden gelen fotoğrafa göre test sonuçları çıkmış.
59,High,SGK sistemindeki bildirime göre muayene katılım payı __________.,arttı,artmış,SGK sistemindeki bildirime göre muayene katılım payı arttı.,SGK sistemindeki bildirime göre muayene katılım payı artmış.
59,Low,Kuyrukta bekleyen birinin söylediğine göre muayene katılım payı __________.,arttı,artmış,Kuyrukta bekleyen birinin söylediğine göre muayene katılım payı arttı.,Kuyrukta bekleyen birinin söylediğine göre muayene katılım payı artmış.
60,High,Belediyenin ilaçlama duyurusuna göre ilaçlama __________.,yapıldı,yapılmış,Belediyenin ilaçlama duyurusuna göre ilaçlama yapıldı.,Belediyenin ilaçlama duyurusuna göre ilaçlama yapılmış.
60,Low,Sivrisinek çok diye yakınan birine göre ilaçlama __________.,yapıldı,yapılmış,Sivrisinek çok diye yakınan birine göre ilaçlama yapıldı.,Sivrisinek çok diye yakınan birine göre ilaçlama yapılmış.
61,High,Uygulamanın resmi durum sayfasına göre sunucular __________.,çöktü,çökmüş,Uygulamanın resmi durum sayfasına göre sunucular çöktü.,Uygulamanın resmi durum sayfasına göre sunucular çökmüş.
61,Low,Reddit benzeri bir forumda yazılana göre sunucular __________.,çöktü,çökmüş,Reddit benzeri bir forumda yazılana göre sunucular çöktü.,Reddit benzeri bir forumda yazılana göre sunucular çökmüş.
62,High,Şirketin yayınladığı yama notlarına göre hata __________.,düzeltildi,düzeltilmiş,Şirketin yayınladığı yama notlarına göre hata düzeltildi.,Şirketin yayınladığı yama notlarına göre hata düzeltilmiş.
62,Low,Oyun sohbetinde birinin iddiasına göre hata __________.,düzeltildi,düzeltilmiş,Oyun sohbetinde birinin iddiasına göre hata düzeltildi.,Oyun sohbetinde birinin iddiasına göre hata düzeltilmiş.
63,High,Bankanın mobil uygulamasındaki bildirime göre mobil bankacılık __________.,düzeldi,düzelmiş,Bankanın mobil uygulamasındaki bildirime göre mobil bankacılık düzeldi.,Bankanın mobil uygulamasındaki bildirime göre mobil bankacılık düzelmiş.
63,Low,Banka şubesinde sıradaki müşteriye göre mobil bankacılık __________.,düzeldi,düzelmiş,Banka şubesinde sıradaki müşteriye göre mobil bankacılık düzeldi.,Banka şubesinde sıradaki müşteriye göre mobil bankacılık düzelmiş.
64,High,Operatörün resmi arıza sayfasına göre internet __________.,gitti,gitmiş,Operatörün resmi arıza sayfasına göre internet gitti.,Operatörün resmi arıza sayfasına göre internet gitmiş.
64,Low,Yan masadaki gencin söylediğine göre internet __________.,gitti,gitmiş,Yan masadaki gencin söylediğine göre internet gitti.,Yan masadaki gencin söylediğine göre internet gitmiş.
65,High,E-ticaret sitesinin resmi duyurusuna göre büyük indirimler __________.,başladı,başlamış,E-ticaret sitesinin resmi duyurusuna göre büyük indirimler başladı.,E-ticaret sitesinin resmi duyurusuna göre büyük indirimler başlamış.
65,Low,İndirim avcısı bir telegram kanalına göre büyük indirimler __________.,başladı,başlamış,İndirim avcısı bir telegram kanalına göre büyük indirimler başladı.,İndirim avcısı bir telegram kanalına göre büyük indirimler başlamış.
66,High,Uygulama mağazasındaki resmi güncellemeye göre uygulama __________.,güncellendi,güncellenmiş,Uygulama mağazasındaki resmi güncellemeye göre uygulama güncellendi.,Uygulama mağazasındaki resmi güncellemeye göre uygulama güncellenmiş.
66,Low,Bir influencerın yorumuna göre uygulama __________.,güncellendi,güncellenmiş,Bir influencerın yorumuna göre uygulama güncellendi.,Bir influencerın yorumuna göre uygulama güncellenmiş.
67,High,Şirketin basın bültenine göre yeni özellik __________.,geldi,gelmiş,Şirketin basın bültenine göre yeni özellik geldi.,Şirketin basın bültenine göre yeni özellik gelmiş.
67,Low,Anonim bir blog yazısına göre yeni özellik __________.,geldi,gelmiş,Anonim bir blog yazısına göre yeni özellik geldi.,Anonim bir blog yazısına göre yeni özellik gelmiş.
68,High,Resmi güvenlik bildirimine göre hesaplar __________.,kilitlendi,kilitlenmiş,Resmi güvenlik bildirimine göre hesaplar kilitlendi.,Resmi güvenlik bildirimine göre hesaplar kilitlenmiş.
68,Low,Şüpheli link paylaşan bir DMye göre hesaplar __________.,kilitlendi,kilitlenmiş,Şüpheli link paylaşan bir DMye göre hesaplar kilitlendi.,Şüpheli link paylaşan bir DMye göre hesaplar kilitlenmiş.
69,High,Platformun resmi açıklamasına göre canlı yayın __________.,açıldı,açılmış,Platformun resmi açıklamasına göre canlı yayın açıldı.,Platformun resmi açıklamasına göre canlı yayın açılmış.
69,Low,Dün gece yayındaydı diyen bir kullanıcıya göre canlı yayın __________.,açıldı,açılmış,Dün gece yayındaydı diyen bir kullanıcıya göre canlı yayın açıldı.,Dün gece yayındaydı diyen bir kullanıcıya göre canlı yayın açılmış.
70,High,Bulut servisinin durum paneline göre dosyalar __________.,silindi,silinmiş,Bulut servisinin durum paneline göre dosyalar silindi.,Bulut servisinin durum paneline göre dosyalar silinmiş.
70,Low,Discordda paylaşılan söylentiye göre dosyalar __________.,silindi,silinmiş,Discordda paylaşılan söylentiye göre dosyalar silindi.,Discordda paylaşılan söylentiye göre dosyalar silinmiş.
71,High,Şirketin bordro sistemindeki bildiriye göre primler __________.,yatırıldı,yatırılmış,Şirketin bordro sistemindeki bildiriye göre primler yatırıldı.,Şirketin bordro sistemindeki bildiriye göre primler yatırılmış.
71,Low,Çay ocağında oturup çay içen misafirlere göre primler __________.,yatırıldı,yatırılmış,Çay ocağında oturup çay içen misafirlere göre primler yatırıldı.,Çay ocağında oturup çay içen misafirlere göre primler yatırılmış.
72,High,Mali işler departmanından gelen maile göre mesai ücretleri __________.,yatırıldı,yatırılmış,Mali işler departmanından gelen maile göre mesai ücretleri yatırıldı.,Mali işler departmanından gelen maile göre mesai ücretleri yatırılmış.
72,Low,Servisteki arkadaşın söylemlerine göre mesai ücretleri __________.,yatırıldı,yatırılmış,Servisteki arkadaşın söylemlerine göre mesai ücretleri yatırıldı.,Servisteki arkadaşın söylemlerine göre mesai ücretleri yatırılmış.
73,High,Resmi fiyat tarifesine göre ekmek fiyatı __________.,arttı,artmış,Resmi fiyat tarifesine göre ekmek fiyatı arttı.,Resmi fiyat tarifesine göre ekmek fiyatı artmış.
73,Low,Bakkalın duyduğuna göre ekmek fiyatı __________.,arttı,artmış,Bakkalın duyduğuna göre ekmek fiyatı arttı.,Bakkalın duyduğuna göre ekmek fiyatı artmış.
74,High,Marketin güncel fiyat etiketine göre süt fiyatı __________.,değişti,değişmiş,Marketin güncel fiyat etiketine göre süt fiyatı değişti.,Marketin güncel fiyat etiketine göre süt fiyatı değişmiş.
74,Low,Etiketi yanlış okuyan müşteriye göre süt fiyatı __________.,değişti,değişmiş,Etiketi yanlış okuyan müşteriye göre süt fiyatı değişti.,Etiketi yanlış okuyan müşteriye göre süt fiyatı değişmiş.
75,High,Merkez bankasının yayımladığı karara göre faiz oranı __________.,yükseldi,yükselmiş,Merkez bankasının yayımladığı karara göre faiz oranı yükseldi.,Merkez bankasının yayımladığı karara göre faiz oranı yükselmiş.
75,Low,Sosyal medyada dolaşan iddiaya göre faiz oranı __________.,yükseldi,yükselmiş,Sosyal medyada dolaşan iddiaya göre faiz oranı yükseldi.,Sosyal medyada dolaşan iddiaya göre faiz oranı yükselmiş.
76,High,Şirketin yatırımcı sunumuna göre çeyrek raporu __________.,yayınlandı,yayınlanmış,Şirketin yatırımcı sunumuna göre çeyrek raporu yayınlandı.,Şirketin yatırımcı sunumuna göre çeyrek raporu yayınlanmış.
76,Low,Anonim bir hisse forumuna göre çeyrek raporu __________.,yayınlandı,yayınlanmış,Anonim bir hisse forumuna göre çeyrek raporu yayınlandı.,Anonim bir hisse forumuna göre çeyrek raporu yayınlanmış.
77,High,İnsan kaynaklarının resmi duyurusuna göre yeni işe alımlar __________.,başladı,başlamış,İnsan kaynaklarının resmi duyurusuna göre yeni işe alımlar başladı.,İnsan kaynaklarının resmi duyurusuna göre yeni işe alımlar başlamış.
77,Low,Asansörde konuşulanlara göre yeni işe alımlar __________.,başladı,başlamış,Asansörde konuşulanlara göre yeni işe alımlar başladı.,Asansörde konuşulanlara göre yeni işe alımlar başlamış.
78,High,Sendikanın resmi açıklamasına göre ek zam __________.,onaylandı,onaylanmış,Sendikanın resmi açıklamasına göre ek zam onaylandı.,Sendikanın resmi açıklamasına göre ek zam onaylanmış.
78,Low,Vardiya çıkışındaki söylentiye göre ek zam __________.,onaylandı,onaylanmış,Vardiya çıkışındaki söylentiye göre ek zam onaylandı.,Vardiya çıkışındaki söylentiye göre ek zam onaylanmış.
79,High,Resmi ihale sonuç ilanına göre şirket ihaleyi __________.,kazandı,kazanmış,Resmi ihale sonuç ilanına göre şirket ihaleyi kazandı.,Resmi ihale sonuç ilanına göre şirket ihaleyi kazanmış.
79,Low,Şirketten ayrılan taşerona göre şirket ihaleyi __________.,kazandı,kazanmış,Şirketten ayrılan taşerona göre şirket ihaleyi kazandı.,Şirketten ayrılan taşerona göre şirket ihaleyi kazanmış.
80,High,Şirketin iç portalındaki duyuruya göre ekip __________.,büyüdü,büyümüş,Şirketin iç portalındaki duyuruya göre ekip büyüdü.,Şirketin iç portalındaki duyuruya göre ekip büyümüş.
80,Low,LinkedInde paylaşılan bir yoruma göre ekip __________.,büyüdü,büyümüş,LinkedInde paylaşılan bir yoruma göre ekip büyüdü.,LinkedInde paylaşılan bir yoruma göre ekip büyümüş.
81,High,Valiliğin trafik duyurusuna göre sahil yolu trafiğe __________.,kapandı,kapanmış,Valiliğin trafik duyurusuna göre sahil yolu trafiğe kapandı.,Valiliğin trafik duyurusuna göre sahil yolu trafiğe kapanmış.
81,Low,Dolmuş şoförünün söylediğine göre sahil yolu trafiğe __________.,kapandı,kapanmış,Dolmuş şoförünün söylediğine göre sahil yolu trafiğe kapandı.,Dolmuş şoförünün söylediğine göre sahil yolu trafiğe kapanmış.
82,High,Federasyonun maç programına göre maç saati __________.,değişti,değişmiş,Federasyonun maç programına göre maç saati değişti.,Federasyonun maç programına göre maç saati değişmiş.
82,Low,Stadyum çevresinde konuşulanlara göre maç saati __________.,değişti,değişmiş,Stadyum çevresinde konuşulanlara göre maç saati değişti.,Stadyum çevresinde konuşulanlara göre maç saati değişmiş.
83,High,Hakem kurulunun resmi duyurusuna göre hakem ataması __________.,açıklandı,açıklanmış,Hakem kurulunun resmi duyurusuna göre hakem ataması açıklandı.,Hakem kurulunun resmi duyurusuna göre hakem ataması açıklanmış.
83,Low,Sosyal medyada paylaşılan listeye göre hakem ataması __________.,açıklandı,açıklanmış,Sosyal medyada paylaşılan listeye göre hakem ataması açıklandı.,Sosyal medyada paylaşılan listeye göre hakem ataması açıklanmış.
84,High,Kulübün sağlık ekibinin açıklamasına göre oyuncunun sakatlığı __________.,uzadı,uzamış,Kulübün sağlık ekibinin açıklamasına göre oyuncunun sakatlığı uzadı.,Kulübün sağlık ekibinin açıklamasına göre oyuncunun sakatlığı uzamış.
84,Low,Tribünde duyduğunu söyleyen birine göre oyuncunun sakatlığı __________.,uzadı,uzamış,Tribünde duyduğunu söyleyen birine göre oyuncunun sakatlığı uzadı.,Tribünde duyduğunu söyleyen birine göre oyuncunun sakatlığı uzamış.
85,High,Bilet satış platformunun resmi bildirimine göre derbi biletleri __________.,tükendi,tükenmiş,Bilet satış platformunun resmi bildirimine göre derbi biletleri tükendi.,Bilet satış platformunun resmi bildirimine göre derbi biletleri tükenmiş.
85,Low,Bilet yok diyen bir instagram kullanıcısına göre derbi biletleri __________.,tükendi,tükenmiş,Bilet yok diyen bir instagram kullanıcısına göre derbi biletleri tükendi.,Bilet yok diyen bir instagram kullanıcısına göre derbi biletleri tükenmiş.
86,High,Takımın antrenman raporuna göre kadro __________.,netleşti,netleşmiş,Takımın antrenman raporuna göre kadro netleşti.,Takımın antrenman raporuna göre kadro netleşmiş.
86,Low,Spor salonunda konuşulan dedikoduya göre kadro __________.,netleşti,netleşmiş,Spor salonunda konuşulan dedikoduya göre kadro netleşti.,Spor salonunda konuşulan dedikoduya göre kadro netleşmiş.
87,High,Ligin resmi sosyal medya duyurusuna göre puan durumu __________.,değişti,değişmiş,Ligin resmi sosyal medya duyurusuna göre puan durumu değişti.,Ligin resmi sosyal medya duyurusuna göre puan durumu değişmiş.
87,Low,Bir spor yorumcusunun tahminine göre puan durumu __________.,değişti,değişmiş,Bir spor yorumcusunun tahminine göre puan durumu değişti.,Bir spor yorumcusunun tahminine göre puan durumu değişmiş.
88,High,Kulübün resmi açıklamasına göre hocanın istifası __________.,duyuruldu,duyurulmuş,Kulübün resmi açıklamasına göre hocanın istifası duyuruldu.,Kulübün resmi açıklamasına göre hocanın istifası duyurulmuş.
88,Low,Menajer olduğunu söyleyen birine göre hocanın istifası __________.,duyuruldu,duyurulmuş,Menajer olduğunu söyleyen birine göre hocanın istifası duyuruldu.,Menajer olduğunu söyleyen birine göre hocanın istifası duyurulmuş.
89,High,Stadyum anonsuna göre kapılar __________.,açıldı,açılmış,Stadyum anonsuna göre kapılar açıldı.,Stadyum anonsuna göre kapılar açılmış.
89,Low,Kapıda kuyruktaki birinin dediğine göre kapılar __________.,açıldı,açılmış,Kapıda kuyruktaki birinin dediğine göre kapılar açıldı.,Kapıda kuyruktaki birinin dediğine göre kapılar açılmış.
90,High,Hakem raporuna göre kırmızı kart __________.,çıktı,çıkmış,Hakem raporuna göre kırmızı kart çıktı.,Hakem raporuna göre kırmızı kart çıkmış.
90,Low,Maç sonrası söylentilere göre kırmızı kart __________.,çıktı,çıkmış,Maç sonrası söylentilere göre kırmızı kart çıktı.,Maç sonrası söylentilere göre kırmızı kart çıkmış.
91,High,Festivalin resmi web sitesindeki duyuruya göre sahne programı __________.,açıklandı,açıklanmış,Festivalin resmi web sitesindeki duyuruya göre sahne programı açıklandı.,Festivalin resmi web sitesindeki duyuruya göre sahne programı açıklanmış.
91,Low,Bilet kuyruğunda konuşulanlara göre sahne programı __________.,açıklandı,açıklanmış,Bilet kuyruğunda konuşulanlara göre sahne programı açıklandı.,Bilet kuyruğunda konuşulanlara göre sahne programı açıklanmış.
92,High,Konseri organize eden şirketin açıklamasına göre sanatçı __________.,gelmedi,gelmemiş,Konseri organize eden şirketin açıklamasına göre sanatçı gelmedi.,Konseri organize eden şirketin açıklamasına göre sanatçı gelmemiş.
92,Low,Anonim bir twitter hesabının paylaşımına göre sanatçı __________.,gelmedi,gelmemiş,Anonim bir twitter hesabının paylaşımına göre sanatçı gelmedi.,Anonim bir twitter hesabının paylaşımına göre sanatçı gelmemiş.
93,High,Sinemanın resmi programına göre gece seansı __________.,eklendi,eklenmiş,Sinemanın resmi programına göre gece seansı eklendi.,Sinemanın resmi programına göre gece seansı eklenmiş.
93,Low,Popcorn sırasındaki dedikoduya göre gece seansı __________.,eklendi,eklenmiş,Popcorn sırasındaki dedikoduya göre gece seansı eklendi.,Popcorn sırasındaki dedikoduya göre gece seansı eklenmiş.
94,High,Yapım şirketinin resmi açıklamasına göre filmin vizyon tarihi __________.,ertelendi,ertelenmiş,Yapım şirketinin resmi açıklamasına göre filmin vizyon tarihi ertelendi.,Yapım şirketinin resmi açıklamasına göre filmin vizyon tarihi ertelenmiş.
94,Low,Fragman altındaki yorumlara göre filmin vizyon tarihi __________.,ertelendi,ertelenmiş,Fragman altındaki yorumlara göre filmin vizyon tarihi ertelendi.,Fragman altındaki yorumlara göre filmin vizyon tarihi ertelenmiş.
95,High,Dijital platformun resmi duyurusuna göre dizi bölümü __________.,sızdı,sızmış,Dijital platformun resmi duyurusuna göre dizi bölümü sızdı.,Dijital platformun resmi duyurusuna göre dizi bölümü sızmış.
95,Low,Bir torrent sitesindeki söylentiye göre dizi bölümü __________.,sızdı,sızmış,Bir torrent sitesindeki söylentiye göre dizi bölümü sızdı.,Bir torrent sitesindeki söylentiye göre dizi bölümü sızmış.
96,High,Kitabevinin resmi listesindeki bilgiye göre yeni baskı __________.,geldi,gelmiş,Kitabevinin resmi listesindeki bilgiye göre yeni baskı geldi.,Kitabevinin resmi listesindeki bilgiye göre yeni baskı gelmiş.
96,Low,Okur grubunda dolaşan mesaja göre yeni baskı __________.,geldi,gelmiş,Okur grubunda dolaşan mesaja göre yeni baskı geldi.,Okur grubunda dolaşan mesaja göre yeni baskı gelmiş.
97,High,Mağazanın kasadaki resmi duyurusuna göre indirim __________.,uzadı,uzamış,Mağazanın kasadaki resmi duyurusuna göre indirim uzadı.,Mağazanın kasadaki resmi duyurusuna göre indirim uzamış.
97,Low,Vitrindeki kampanyayı yorumlayan birine göre indirim __________.,uzadı,uzamış,Vitrindeki kampanyayı yorumlayan birine göre indirim uzadı.,Vitrindeki kampanyayı yorumlayan birine göre indirim uzamış.
98,High,Ürünün garanti servisinden gelen bildirime göre cihaz değişimi __________.,onaylandı,onaylanmış,Ürünün garanti servisinden gelen bildirime göre cihaz değişimi onaylandı.,Ürünün garanti servisinden gelen bildirime göre cihaz değişimi onaylanmış.
98,Low,Satıcının telefonda söylediğine göre cihaz değişimi __________.,onaylandı,onaylanmış,Satıcının telefonda söylediğine göre cihaz değişimi onaylandı.,Satıcının telefonda söylediğine göre cihaz değişimi onaylanmış.
99,High,Belediyenin binaya astığı tebligata göre kentsel dönüşüm projesi __________.,onaylandı,onaylanmış,Belediyenin binaya astığı tebligata göre kentsel dönüşüm projesi onaylandı.,Belediyenin binaya astığı tebligata göre kentsel dönüşüm projesi onaylanmış.
99,Low,Kira sözleşmesi biten kiracıya göre kentsel dönüşüm projesi __________.,onaylandı,onaylanmış,Kira sözleşmesi biten kiracıya göre kentsel dönüşüm projesi onaylandı.,Kira sözleşmesi biten kiracıya göre kentsel dönüşüm projesi onaylanmış.
100,High,Markanın resmi açıklamasına göre ürün stokları __________.,bitti,bitmiş,Markanın resmi açıklamasına göre ürün stokları bitti.,Markanın resmi açıklamasına göre ürün stokları bitmiş.
100,Low,İkinci el satış grubundaki mesaja göre ürün stokları __________.,bitti,bitmiş,İkinci el satış grubundaki mesaja göre ürün stokları bitti.,İkinci el satış grubundaki mesaja göre ürün stokları bitmiş.
