high_low,cumle,cumlenin_sorusu
high,Kurumun resmi sayfasına göre dersler iptal edildi.,Bu habere göre derse gitme ihtimaliniz nedir? (1–7)
high,Kurumun resmi sayfasına göre dersler iptal edilmiş.,Bu habere göre derse gitme ihtimaliniz nedir? (1–7)
low,Resmi olmayan bir sosyal medya hesabına göre dersler iptal edildi.,Bu habere göre derse gitme ihtimaliniz nedir? (1–7)
low,Resmi olmayan bir sosyal medya hesabına göre dersler iptal edilmiş.,Bu habere göre derse gitme ihtimaliniz nedir? (1–7)
high,Üniversitenin web sitesine göre sınav ertelendi.,Bu habere göre sınava gitme ihtimaliniz nedir? (1–7)
high,Üniversitenin web sitesine göre sınav ertelenmiş.,Bu habere göre sınava gitme ihtimaliniz nedir? (1–7)
low,Bir forum sitesine göre sınav ertelendi.,Bu habere göre sınava gitme ihtimaliniz nedir? (1–7)
low,Bir forum sitesine göre sınav ertelenmiş.,Bu habere göre sınava gitme ihtimaliniz nedir? (1–7)
high,Resmi açıklamaya göre etkinlik iptal edildi.,Bu habere göre etkinliğe gitme ihtimaliniz nedir? (1–7)
high,Resmi açıklamaya göre etkinlik iptal edilmiş.,Bu habere göre etkinliğe gitme ihtimaliniz nedir? (1–7)
low,Sosyal medya söylentisine göre etkinlik iptal edildi.,Bu habere göre etkinliğe gitme ihtimaliniz nedir? (1–7)
low,Sosyal medya söylentisine göre etkinlik iptal edilmiş.,Bu habere göre etkinliğe gitme ihtimaliniz nedir? (1–7)
high,Resmi açıklamaya göre konser iptal edildi.,Bu habere göre konsere gitme ihtimaliniz nedir? (1–7)
high,Resmi açıklamaya göre konser iptal edilmiş.,Bu habere göre konsere gitme ihtimaliniz nedir? (1–7)
low,Sosyal medyada dolaşan bir habere göre konser iptal edildi.,Bu habere göre konsere gitme ihtimaliniz nedir? (1–7)
low,Sosyal medyada dolaşan bir habere göre konser iptal edilmiş.,Bu habere göre konsere gitme ihtimaliniz nedir? (1–7)
high,Okulun web sitesine göre sınav sonuçları açıklandı.,Bu habere göre sonuçları kontrol etme ihtimaliniz nedir? (1–7)
high,Okulun web sitesine göre sınav sonuçları açıklanmış.,Bu habere göre sonuçları kontrol etme ihtimaliniz nedir? (1–7)
low,Forum sitesine göre sınav sonuçları açıklandı.,Bu habere göre sonuçları kontrol etme ihtimaliniz nedir? (1–7)
low,Forum sitesine göre sınav sonuçları açıklanmış.,Bu habere göre sonuçları kontrol etme ihtimaliniz nedir? (1–7)
high,Hastanenin resmi duyurusuna göre hastane randevular iptal edildi.,Bu habere göre hastaneye gitme ihtimaliniz nedir? (1–7)
high,Hastanenin resmi duyurusuna göre hastane randevular iptal edilmiş.,Bu habere göre hastaneye gitme ihtimaliniz nedir? (1–7)
low,Tanınmayan bir internet sitesine göre hastane randevular iptal edildi.,Bu habere göre hastaneye gitme ihtimaliniz nedir? (1–7)
low,Tanınmayan bir internet sitesine göre hastane randevular iptal edilmiş.,Bu habere göre hastaneye gitme ihtimaliniz nedir? (1–7)
high,İtalya konsolosluğunun web sitesinde yayınladığı habere göre İtalya vize randevuları kapandı.,Bu habere göre vize başvurusu yapma ihtimaliniz nedir? (1–7)
high,İtalya konsolosluğunun web sitesinde yayınladığı habere göre İtalya vize randevuları kapanmış.,Bu habere göre vize başvurusu yapma ihtimaliniz nedir? (1–7)
low,Bir instagram paylaşımına göre İtalya vize randevuları kapandı.,Bu habere göre vize başvurusu yapma ihtimaliniz nedir? (1–7)
low,Bir instagram paylaşımına göre İtalya vize randevuları kapanmış.,Bu habere göre vize başvurusu yapma ihtimaliniz nedir? (1–7)
high,Resmi park duyurusuna göre park girişe kapatıldı.,Bu habere göre parka gitme ihtimaliniz nedir? (1–7)
high,Resmi park duyurusuna göre park girişe kapatılmış.,Bu habere göre parka gitme ihtimaliniz nedir? (1–7)
low,Bir ziyaretçi yorumuna göre park girişe kapatıldı.,Bu habere göre parka gitme ihtimaliniz nedir? (1–7)
low,Bir ziyaretçi yorumuna göre park girişe kapatılmış.,Bu habere göre parka gitme ihtimaliniz nedir? (1–7)
high,Belediyenin duyurusuna göre yollar kapandı.,Bu habere göre yolu kullanma ihtimaliniz nedir? (1–7)
high,Belediyenin duyurusuna göre yollar kapanmış.,Bu habere göre yolu kullanma ihtimaliniz nedir? (1–7)
low,Sosyal medyada dolaşan bir habere göre yollar kapandı.,Bu habere göre yolu kullanma ihtimaliniz nedir? (1–7)
low,Sosyal medyada dolaşan bir habere göre yollar kapanmış.,Bu habere göre yolu kullanma ihtimaliniz nedir? (1–7)
high,Kargo firmasının sistemine göre paketiniz yola çıktı.,Bu habere göre paketi bekleme ihtimaliniz nedir? (1–7)
high,Kargo firmasının sistemine göre paketiniz yola çıkmış.,Bu habere göre paketi bekleme ihtimaliniz nedir? (1–7)
low,Mahalledeki bakkala göre paketiniz yola çıktı.,Bu habere göre paketi bekleme ihtimaliniz nedir? (1–7)
low,Mahalledeki bakkala göre paketiniz yola çıkmış.,Bu habere göre paketi bekleme ihtimaliniz nedir? (1–7)
filler,Gün içinde kısa molalar vermek faydalıdır.,Bu ifadeye göre kısa mola verme ihtimaliniz nedir? (1–7)
filler,Sabah erken kalkmak günün daha verimli geçmesini sağlar.,Bu ifadeye göre erken kalkma ihtimaliniz nedir? (1–7)
filler,Müzik dinlemek ruh halini olumlu etkiler.,Bu ifadeye göre müzik dinleme ihtimaliniz nedir? (1–7)
filler,Hafta sonları dinlenmek önemlidir.,Bu ifadeye göre hafta sonu dinlenme ihtimaliniz nedir? (1–7)
filler,Yeni şeyler öğrenmek insanı motive eder.,Bu ifadeye göre yeni şeyler öğrenme ihtimaliniz nedir? (1–7)
filler,Günlük plan yapmak işleri kolaylaştırır.,Bu ifadeye göre plan yapma ihtimaliniz nedir? (1–7)
filler,Temiz bir ortamda çalışmak daha rahatlatıcıdır.,Bu ifadeye göre temiz bir ortamda çalışma ihtimaliniz nedir? (1–7)
filler,Yeterince uyumak sağlıklı olmak için gereklidir.,Bu ifadeye göre yeterince uyuma ihtimaliniz nedir? (1–7)
filler,Dışarıda vakit geçirmek iyi hissettirir.,Bu ifadeye göre dışarıda vakit geçirme ihtimaliniz nedir? (1–7)
filler,Düzenli egzersiz yapmak faydalıdır.,Bu ifadeye göre egzersiz yapma ihtimaliniz nedir? (1–7)
filler,Kahvaltı günün önemli bir öğünüdür.,Bu ifadeye göre kahvaltı yapma ihtimaliniz nedir? (1–7)
filler,Kitap okumak zihni geliştirir.,Bu ifadeye göre kitap okuma ihtimaliniz nedir? (1–7)
filler,Gün içinde su içmek önemlidir.,Bu ifadeye göre su içme ihtimaliniz nedir? (1–7)
filler,Zamanı iyi yönetmek stresi azaltır.,Bu ifadeye göre zamanınızı planlama ihtimaliniz nedir? (1–7)
filler,Arkadaşlarla vakit geçirmek keyiflidir.,Bu ifadeye göre arkadaşlarla vakit geçirme ihtimaliniz nedir? (1–7)
filler,Teknoloji günlük hayatı kolaylaştırır.,Bu ifadeye göre teknolojiyi kullanma ihtimaliniz nedir? (1–7)
filler,Yeni yerler görmek ufuk açıcıdır.,Bu ifadeye göre yeni yerler keşfetme ihtimaliniz nedir? (1–7)
filler,Dinlenmek verimliliği artırır.,Bu ifadeye göre dinlenme ihtimaliniz nedir? (1–7)
filler,Gün içinde aktif olmak enerji verir.,Bu ifadeye göre aktif olma ihtimaliniz nedir? (1–7)
filler,Hedef belirlemek motivasyonu artırır.,Bu ifadeye göre hedef belirleme ihtimaliniz nedir? (1–7)
filler,Olumlu alışkanlıklar geliştirmek yaşam kalitesini artırır.,Bu ifadeye göre olumlu alışkanlık geliştirme ihtimaliniz nedir? (1–7)
filler,Gün içinde farklı bakış açılarını değerlendirmek faydalıdır.,Bu ifadeye göre farklı bakış açılarını değerlendirme ihtimaliniz nedir? (1–7)
filler,Gün içinde yeni fikirler üretmek yaratıcılığı artırır.,Bu ifadeye göre yeni fikirler üretme ihtimaliniz nedir? (1–7)
filler,Başkalarına yardım etmek mutluluk hissini güçlendirir.,Bu ifadeye göre yardım etme ihtimaliniz nedir? (1–7)
filler,Zor görevleri ertelememek verimliliği artırır.,Bu ifadeye göre zor işleri ertelememe ihtimaliniz nedir? (1–7)
filler,Yeni beceriler denemek kişisel tatmini artırır.,Bu ifadeye göre yeni beceri deneme ihtimaliniz nedir? (1–7)
filler,Gün içinde üretken kalmaya çalışmak başarıyı destekler.,Bu ifadeye göre üretken kalma ihtimaliniz nedir? (1–7)
filler,İşleri parçalara bölmek yönetimi kolaylaştırır.,Bu ifadeye göre işleri parçalara bölme ihtimaliniz nedir? (1–7)
filler,Dikkatini toparlamak için çalışma ortamını düzenlemek faydalı olabilir.,Bu durumda ortam düzenleme ihtimalin nedir? (1–7)
filler,Zaman baskısı hissettiğinde öncelikleri yeniden belirlemek işe yarayabilir.,Bu durumda öncelikleri yeniden düzenleme ihtimalin nedir? (1–7)
high,Belediyenin resmi duyurusuna göre yeni otobüs hattı bugün hizmete başladı.,Bu habere göre yeni otobüs hattını kullanma ihtimaliniz nedir? (1–7)
high,Belediyenin resmi duyurusuna göre yeni otobüs hattı bugün hizmete başlamış.,Bu habere göre yeni otobüs hattını kullanma ihtimaliniz nedir? (1–7)
low,Bir mahalle grubundaki paylaşıma göre yeni otobüs hattı bugün hizmete başladı.,Bu habere göre yeni otobüs hattını kullanma ihtimaliniz nedir? (1–7)
low,Bir mahalle grubundaki paylaşıma göre yeni otobüs hattı bugün hizmete başlamış.,Bu habere göre yeni otobüs hattını kullanma ihtimaliniz nedir? (1–7)
high,Okul yönetiminin mesajına göre veli toplantısı cuma gününe alındı.,Bu habere göre cuma günü veli toplantısına katılma ihtimaliniz nedir? (1–7)
high,Okul yönetiminin mesajına göre veli toplantısı cuma gününe alınmış.,Bu habere göre cuma günü veli toplantısına katılma ihtimaliniz nedir? (1–7)
low,Bir velinin WhatsApp mesajına göre veli toplantısı cuma gününe alındı.,Bu habere göre cuma günü veli toplantısına katılma ihtimaliniz nedir? (1–7)
low,Bir velinin WhatsApp mesajına göre veli toplantısı cuma gününe alınmış.,Bu habere göre cuma günü veli toplantısına katılma ihtimaliniz nedir? (1–7)
high,Bakanlığın sitesine göre burs başvuru süresi uzatıldı.,Bu habere göre burs başvurunuzu tamamlama ihtimaliniz nedir? (1–7)
high,Bakanlığın sitesine göre burs başvuru süresi uzatılmış.,Bu habere göre burs başvurunuzu tamamlama ihtimaliniz nedir? (1–7)
low,Bir Telegram kanalına göre burs başvuru süresi uzatıldı.,Bu habere göre burs başvurunuzu tamamlama ihtimaliniz nedir? (1–7)
low,Bir Telegram kanalına göre burs başvuru süresi uzatılmış.,Bu habere göre burs başvurunuzu tamamlama ihtimaliniz nedir? (1–7)
high,Havalimanı işletmesinin duyurusuna göre bazı uçuş kapıları değiştirildi.,Bu habere göre uçuş kapınızı tekrar kontrol etme ihtimaliniz nedir? (1–7)
high,Havalimanı işletmesinin duyurusuna göre bazı uçuş kapıları değiştirilmiş.,Bu habere göre uçuş kapınızı tekrar kontrol etme ihtimaliniz nedir? (1–7)
low,Bir yolcunun paylaşımına göre bazı uçuş kapıları değiştirildi.,Bu habere göre uçuş kapınızı tekrar kontrol etme ihtimaliniz nedir? (1–7)
low,Bir yolcunun paylaşımına göre bazı uçuş kapıları değiştirilmiş.,Bu habere göre uçuş kapınızı tekrar kontrol etme ihtimaliniz nedir? (1–7)
high,Kütüphanenin sitesine göre çalışma saatleri yeniden düzenlendi.,Bu habere göre kütüphaneye gitmeden önce saatleri kontrol etme ihtimaliniz nedir? (1–7)
high,Kütüphanenin sitesine göre çalışma saatleri yeniden düzenlenmiş.,Bu habere göre kütüphaneye gitmeden önce saatleri kontrol etme ihtimaliniz nedir? (1–7)
low,Bir kullanıcı yorumuna göre çalışma saatleri yeniden düzenlendi.,Bu habere göre kütüphaneye gitmeden önce saatleri kontrol etme ihtimaliniz nedir? (1–7)
low,Bir kullanıcı yorumuna göre çalışma saatleri yeniden düzenlenmiş.,Bu habere göre kütüphaneye gitmeden önce saatleri kontrol etme ihtimaliniz nedir? (1–7)
high,Festival komitesinin duyurusuna göre konser alanı değişti.,Bu habere göre konsere gitmeden önce etkinlik alanını kontrol etme ihtimaliniz nedir? (1–7)
high,Festival komitesinin duyurusuna göre konser alanı değişmiş.,Bu habere göre konsere gitmeden önce etkinlik alanını kontrol etme ihtimaliniz nedir? (1–7)
low,Bir müzik sayfasına göre konser alanı değişti.,Bu habere göre konsere gitmeden önce etkinlik alanını kontrol etme ihtimaliniz nedir? (1–7)
low,Bir müzik sayfasına göre konser alanı değişmiş.,Bu habere göre konsere gitmeden önce etkinlik alanını kontrol etme ihtimaliniz nedir? (1–7)
high,Ulaştırma kurumunun açıklamasına göre tren seferlerine ek vagon kondu.,Bu habere göre tren bileti alma ihtimaliniz nedir? (1–7)
high,Ulaştırma kurumunun açıklamasına göre tren seferlerine ek vagon konmuş.,Bu habere göre tren bileti alma ihtimaliniz nedir? (1–7)
low,Bir yolcu grubuna göre tren seferlerine ek vagon kondu.,Bu habere göre tren bileti alma ihtimaliniz nedir? (1–7)
low,Bir yolcu grubuna göre tren seferlerine ek vagon konmuş.,Bu habere göre tren bileti alma ihtimaliniz nedir? (1–7)
high,İl milli eğitim müdürlüğüne göre sınav merkezi listesi yayımlandı.,Bu habere göre sınav merkezinizi kontrol etme ihtimaliniz nedir? (1–7)
high,İl milli eğitim müdürlüğüne göre sınav merkezi listesi yayımlanmış.,Bu habere göre sınav merkezinizi kontrol etme ihtimaliniz nedir? (1–7)
low,Bir sınav hazırlık hesabına göre sınav merkezi listesi yayımlandı.,Bu habere göre sınav merkezinizi kontrol etme ihtimaliniz nedir? (1–7)
low,Bir sınav hazırlık hesabına göre sınav merkezi listesi yayımlanmış.,Bu habere göre sınav merkezinizi kontrol etme ihtimaliniz nedir? (1–7)
high,Belediye meclisi kararına göre sahil yolunda hız sınırı düşürüldü.,Bu habere göre sahil yolunda daha dikkatli araç kullanma ihtimaliniz nedir? (1–7)
high,Belediye meclisi kararına göre sahil yolunda hız sınırı düşürülmüş.,Bu habere göre sahil yolunda daha dikkatli araç kullanma ihtimaliniz nedir? (1–7)
low,Bir sürücü forumuna göre sahil yolunda hız sınırı düşürüldü.,Bu habere göre sahil yolunda daha dikkatli araç kullanma ihtimaliniz nedir? (1–7)
low,Bir sürücü forumuna göre sahil yolunda hız sınırı düşürülmüş.,Bu habere göre sahil yolunda daha dikkatli araç kullanma ihtimaliniz nedir? (1–7)
high,Otelin resmi bilgilendirmesine göre havuz bakım nedeniyle kapatıldı.,Bu habere göre otele gitmeden önce havuz durumunu kontrol etme ihtimaliniz nedir? (1–7)
high,Otelin resmi bilgilendirmesine göre havuz bakım nedeniyle kapatılmış.,Bu habere göre otele gitmeden önce havuz durumunu kontrol etme ihtimaliniz nedir? (1–7)
low,Bir tatil yorumuna göre havuz bakım nedeniyle kapatıldı.,Bu habere göre otele gitmeden önce havuz durumunu kontrol etme ihtimaliniz nedir? (1–7)
low,Bir tatil yorumuna göre havuz bakım nedeniyle kapatılmış.,Bu habere göre otele gitmeden önce havuz durumunu kontrol etme ihtimaliniz nedir? (1–7)
high,Mağazanın açıklamasına göre indirim kampanyası pazartesi sona erdi.,Bu habere göre indirimi kontrol etme ihtimaliniz nedir? (1–7)
high,Mağazanın açıklamasına göre indirim kampanyası pazartesi sona ermiş.,Bu habere göre indirimi kontrol etme ihtimaliniz nedir? (1–7)
low,Bir alışveriş grubuna göre indirim kampanyası pazartesi sona erdi.,Bu habere göre indirimi kontrol etme ihtimaliniz nedir? (1–7)
low,Bir alışveriş grubuna göre indirim kampanyası pazartesi sona ermiş.,Bu habere göre indirimi kontrol etme ihtimaliniz nedir? (1–7)
high,Enerji dağıtım şirketine göre mahalledeki elektrik kesintisi giderildi.,Bu habere göre evdeki elektriği kontrol etme ihtimaliniz nedir? (1–7)
high,Enerji dağıtım şirketine göre mahalledeki elektrik kesintisi giderilmiş.,Bu habere göre evdeki elektriği kontrol etme ihtimaliniz nedir? (1–7)
low,Bir apartman grubuna göre mahalledeki elektrik kesintisi giderildi.,Bu habere göre evdeki elektriği kontrol etme ihtimaliniz nedir? (1–7)
low,Bir apartman grubuna göre mahalledeki elektrik kesintisi giderilmiş.,Bu habere göre evdeki elektriği kontrol etme ihtimaliniz nedir? (1–7)
high,Su idaresinin duyurusuna göre bakım çalışması gece tamamlandı.,Bu habere göre musluk suyunu kullanma ihtimaliniz nedir? (1–7)
high,Su idaresinin duyurusuna göre bakım çalışması gece tamamlanmış.,Bu habere göre musluk suyunu kullanma ihtimaliniz nedir? (1–7)
low,Bir komşu paylaşımına göre bakım çalışması gece tamamlandı.,Bu habere göre musluk suyunu kullanma ihtimaliniz nedir? (1–7)
low,Bir komşu paylaşımına göre bakım çalışması gece tamamlanmış.,Bu habere göre musluk suyunu kullanma ihtimaliniz nedir? (1–7)
high,İl kültür müdürlüğüne göre tarihi konak restorasyona alındı.,Bu habere göre tarihi konağı ziyaret planınızı erteleme ihtimaliniz nedir? (1–7)
high,İl kültür müdürlüğüne göre tarihi konak restorasyona alınmış.,Bu habere göre tarihi konağı ziyaret planınızı erteleme ihtimaliniz nedir? (1–7)
low,Bir yerel tarih sayfasına göre tarihi konak restorasyona alındı.,Bu habere göre tarihi konağı ziyaret planınızı erteleme ihtimaliniz nedir? (1–7)
low,Bir yerel tarih sayfasına göre tarihi konak restorasyona alınmış.,Bu habere göre tarihi konağı ziyaret planınızı erteleme ihtimaliniz nedir? (1–7)
high,Spor federasyonuna göre turnuva takvimi erkene çekildi.,Bu habere göre turnuva programınızı yeniden düzenleme ihtimaliniz nedir? (1–7)
high,Spor federasyonuna göre turnuva takvimi erkene çekilmiş.,Bu habere göre turnuva programınızı yeniden düzenleme ihtimaliniz nedir? (1–7)
low,Bir spor yorumcusuna göre turnuva takvimi erkene çekildi.,Bu habere göre turnuva programınızı yeniden düzenleme ihtimaliniz nedir? (1–7)
low,Bir spor yorumcusuna göre turnuva takvimi erkene çekilmiş.,Bu habere göre turnuva programınızı yeniden düzenleme ihtimaliniz nedir? (1–7)
high,Belediye temizlik işleri birimine göre parkta yenileme çalışması başlatıldı.,Bu habere göre parka gitme ihtimaliniz nedir? (1–7)
high,Belediye temizlik işleri birimine göre parkta yenileme çalışması başlatılmış.,Bu habere göre parka gitme ihtimaliniz nedir? (1–7)
low,Bir mahalle sakininin paylaşımına göre parkta yenileme çalışması başlatıldı.,Bu habere göre parka gitme ihtimaliniz nedir? (1–7)
low,Bir mahalle sakininin paylaşımına göre parkta yenileme çalışması başlatılmış.,Bu habere göre parka gitme ihtimaliniz nedir? (1–7)
high,Otobüs firmasının duyurusuna göre gece seferlerine ek sefer eklendi.,Bu habere göre gece otobüs seferi için bilet alma ihtimaliniz nedir? (1–7)
high,Otobüs firmasının duyurusuna göre gece seferlerine ek sefer eklenmiş.,Bu habere göre gece otobüs seferi için bilet alma ihtimaliniz nedir? (1–7)
low,Bir yolcu yorumuna göre gece seferlerine ek sefer eklendi.,Bu habere göre gece otobüs seferi için bilet alma ihtimaliniz nedir? (1–7)
low,Bir yolcu yorumuna göre gece seferlerine ek sefer eklenmiş.,Bu habere göre gece otobüs seferi için bilet alma ihtimaliniz nedir? (1–7)
high,Üniversite rektörlüğüne göre bahar şenliği programı açıklandı.,Bu habere göre bahar şenliğine katılma ihtimaliniz nedir? (1–7)
high,Üniversite rektörlüğüne göre bahar şenliği programı açıklanmış.,Bu habere göre bahar şenliğine katılma ihtimaliniz nedir? (1–7)
low,Bir kampüs haber hesabına göre bahar şenliği programı açıklandı.,Bu habere göre bahar şenliğine katılma ihtimaliniz nedir? (1–7)
low,Bir kampüs haber hesabına göre bahar şenliği programı açıklanmış.,Bu habere göre bahar şenliğine katılma ihtimaliniz nedir? (1–7)
high,Kütüphane yönetimine göre ödünç kitap süresi uzatıldı.,Bu habere göre ödünç aldığınız kitabı daha geç iade etme ihtimaliniz nedir? (1–7)
high,Kütüphane yönetimine göre ödünç kitap süresi uzatılmış.,Bu habere göre ödünç aldığınız kitabı daha geç iade etme ihtimaliniz nedir? (1–7)
low,Bir öğrenci paylaşımına göre ödünç kitap süresi uzatıldı.,Bu habere göre ödünç aldığınız kitabı daha geç iade etme ihtimaliniz nedir? (1–7)
low,Bir öğrenci paylaşımına göre ödünç kitap süresi uzatılmış.,Bu habere göre ödünç aldığınız kitabı daha geç iade etme ihtimaliniz nedir? (1–7)
high,Üniversitenin ulaşım biriminin duyurusuna göre kampüs servis saatleri sabah derslerine uygun şekilde yenilendi.,Bu habere göre kampüs servisini kullanma ihtimaliniz nedir? (1–7)
high,Üniversitenin ulaşım biriminin duyurusuna göre kampüs servis saatleri sabah derslerine uygun şekilde yenilenmiş.,Bu habere göre kampüs servisini kullanma ihtimaliniz nedir? (1–7)
low,Bir öğrenci grubundaki paylaşıma göre kampüs servis saatleri sabah derslerine uygun şekilde yenilendi.,Bu habere göre kampüs servisini kullanma ihtimaliniz nedir? (1–7)
low,Bir öğrenci grubundaki paylaşıma göre kampüs servis saatleri sabah derslerine uygun şekilde yenilenmiş.,Bu habere göre kampüs servisini kullanma ihtimaliniz nedir? (1–7)
high,Kızılay’ın resmi açıklamasına göre üniversite kampüsünde kan bağışı kampanyası başlatıldı.,Bu habere göre kan bağışı kampanyasına katılma ihtimaliniz nedir? (1–7)
high,Kızılay’ın resmi açıklamasına göre üniversite kampüsünde kan bağışı kampanyası başlatılmış.,Bu habere göre kan bağışı kampanyasına katılma ihtimaliniz nedir? (1–7)
low,Bir kampüs hesabına göre üniversite kampüsünde kan bağışı kampanyası başlatıldı.,Bu habere göre kan bağışı kampanyasına katılma ihtimaliniz nedir? (1–7)
low,Bir kampüs hesabına göre üniversite kampüsünde kan bağışı kampanyası başlatılmış.,Bu habere göre kan bağışı kampanyasına katılma ihtimaliniz nedir? (1–7)
high,Üniversitenin sağlık merkezi duyurusuna göre psikolojik danışmanlık randevuları artırıldı.,Bu habere göre danışmanlık merkezinden randevu alma ihtimaliniz nedir? (1–7)
high,Üniversitenin sağlık merkezi duyurusuna göre psikolojik danışmanlık randevuları artırılmış.,Bu habere göre danışmanlık merkezinden randevu alma ihtimaliniz nedir? (1–7)
low,Bir öğrenci hesabına göre psikolojik danışmanlık randevuları artırıldı.,Bu habere göre danışmanlık merkezinden randevu alma ihtimaliniz nedir? (1–7)
low,Bir öğrenci hesabına göre psikolojik danışmanlık randevuları artırılmış.,Bu habere göre danışmanlık merkezinden randevu alma ihtimaliniz nedir? (1–7)
high,Üniversite kütüphanesinin duyurusuna göre yeni sessiz çalışma alanı hizmete açıldı.,Bu habere göre sessiz çalışma alanını kullanma ihtimaliniz nedir? (1–7)
high,Üniversite kütüphanesinin duyurusuna göre yeni sessiz çalışma alanı hizmete açılmış.,Bu habere göre sessiz çalışma alanını kullanma ihtimaliniz nedir? (1–7)
low,Bir öğrenci paylaşımına göre yeni sessiz çalışma alanı hizmete açıldı.,Bu habere göre sessiz çalışma alanını kullanma ihtimaliniz nedir? (1–7)
low,Bir öğrenci paylaşımına göre yeni sessiz çalışma alanı hizmete açılmış.,Bu habere göre sessiz çalışma alanını kullanma ihtimaliniz nedir? (1–7)
high,Belediyenin çevre müdürlüğüne göre mahallede geri dönüşüm toplama günü değiştirildi.,Bu habere göre geri dönüşüm atıklarınızı belirtilen günde çıkarma ihtimaliniz nedir? (1–7)
high,Belediyenin çevre müdürlüğüne göre mahallede geri dönüşüm toplama günü değiştirilmiş.,Bu habere göre geri dönüşüm atıklarınızı belirtilen günde çıkarma ihtimaliniz nedir? (1–7)
low,Bir apartman grubuna göre mahallede geri dönüşüm toplama günü değiştirildi.,Bu habere göre geri dönüşüm atıklarınızı belirtilen günde çıkarma ihtimaliniz nedir? (1–7)
low,Bir apartman grubuna göre mahallede geri dönüşüm toplama günü değiştirilmiş.,Bu habere göre geri dönüşüm atıklarınızı belirtilen günde çıkarma ihtimaliniz nedir? (1–7)
high,Organizasyon şirketinin açıklamasına göre konser için sınırlı sayıda ek bilet satışa çıktı.,Bu habere göre konser için bilet alma ihtimaliniz nedir? (1–7)
high,Organizasyon şirketinin açıklamasına göre konser için sınırlı sayıda ek bilet satışa çıkmış.,Bu habere göre konser için bilet alma ihtimaliniz nedir? (1–7)
low,Bir müzik forumuna göre konser için sınırlı sayıda ek bilet satışa çıktı.,Bu habere göre konser için bilet alma ihtimaliniz nedir? (1–7)
low,Bir müzik forumuna göre konser için sınırlı sayıda ek bilet satışa çıkmış.,Bu habere göre konser için bilet alma ihtimaliniz nedir? (1–7)
high,Üniversite sağlık merkezine göre kampüste ücretsiz göz muayenesi başlatıldı.,Bu habere göre kampüsteki sağlık muayenesine katılma ihtimaliniz nedir? (1–7)
high,Üniversite sağlık merkezine göre kampüste ücretsiz göz muayenesi başlatılmış.,Bu habere göre kampüsteki sağlık muayenesine katılma ihtimaliniz nedir? (1–7)
low,Bir kampüs öğrencisine göre kampüste ücretsiz göz muayenesi başlatıldı.,Bu habere göre kampüsteki sağlık muayenesine katılma ihtimaliniz nedir? (1–7)
low,Bir kampüs öğrencisine göre kampüste ücretsiz göz muayenesi başlatılmış.,Bu habere göre kampüsteki sağlık muayenesine katılma ihtimaliniz nedir? (1–7)
high,Belediyenin sosyal yardım birimine göre askıda yemek uygulaması yeni lokantalarda başladı.,Bu habere göre askıda yemek uygulamasına destek verme ihtimaliniz nedir? (1–7)
high,Belediyenin sosyal yardım birimine göre askıda yemek uygulaması yeni lokantalarda başlamış.,Bu habere göre askıda yemek uygulamasına destek verme ihtimaliniz nedir? (1–7)
low,Bir mahalle hesabına göre askıda yemek uygulaması yeni lokantalarda başladı.,Bu habere göre askıda yemek uygulamasına destek verme ihtimaliniz nedir? (1–7)
low,Bir mahalle hesabına göre askıda yemek uygulaması yeni lokantalarda başlamış.,Bu habere göre askıda yemek uygulamasına destek verme ihtimaliniz nedir? (1–7)
high,Spor tesisinin resmi duyurusuna göre buz pisti için yeni halk seansları açıldı.,Bu habere göre buz pistine gitme ihtimaliniz nedir? (1–7)
high,Spor tesisinin resmi duyurusuna göre buz pisti için yeni halk seansları açılmış.,Bu habere göre buz pistine gitme ihtimaliniz nedir? (1–7)
low,Bir etkinlik sayfasına göre buz pisti için yeni halk seansları açıldı.,Bu habere göre buz pistine gitme ihtimaliniz nedir? (1–7)
low,Bir etkinlik sayfasına göre buz pisti için yeni halk seansları açılmış.,Bu habere göre buz pistine gitme ihtimaliniz nedir? (1–7)
high,Spor müdürlüğünün açıklamasına göre yetişkinler için yeni yüzme kursu açıldı.,Bu habere göre yüzme kursuna kayıt yaptırma ihtimaliniz nedir? (1–7)
high,Spor müdürlüğünün açıklamasına göre yetişkinler için yeni yüzme kursu açılmış.,Bu habere göre yüzme kursuna kayıt yaptırma ihtimaliniz nedir? (1–7)
low,Bir spor grubuna göre yetişkinler için yeni yüzme kursu açıldı.,Bu habere göre yüzme kursuna kayıt yaptırma ihtimaliniz nedir? (1–7)
low,Bir spor grubuna göre yetişkinler için yeni yüzme kursu açılmış.,Bu habere göre yüzme kursuna kayıt yaptırma ihtimaliniz nedir? (1–7)
high,Dil kursunun resmi duyurusuna göre yeni dönem için seviye belirleme sınavı açıldı.,Bu habere göre seviye sınavına girme ihtimaliniz nedir? (1–7)
high,Dil kursunun resmi duyurusuna göre yeni dönem için seviye belirleme sınavı açılmış.,Bu habere göre seviye sınavına girme ihtimaliniz nedir? (1–7)
low,Bir öğrenci grubuna göre yeni dönem için seviye belirleme sınavı açıldı.,Bu habere göre seviye sınavına girme ihtimaliniz nedir? (1–7)
low,Bir öğrenci grubuna göre yeni dönem için seviye belirleme sınavı açılmış.,Bu habere göre seviye sınavına girme ihtimaliniz nedir? (1–7)
high,Spor müdürlüğünün duyurusuna göre şehir maratonu için kayıtlar başladı.,Bu habere göre şehir maratonuna kayıt yaptırma ihtimaliniz nedir? (1–7)
high,Spor müdürlüğünün duyurusuna göre şehir maratonu için kayıtlar başlamış.,Bu habere göre şehir maratonuna kayıt yaptırma ihtimaliniz nedir? (1–7)
low,Bir koşu topluluğuna göre şehir maratonu için kayıtlar başladı.,Bu habere göre şehir maratonuna kayıt yaptırma ihtimaliniz nedir? (1–7)
low,Bir koşu topluluğuna göre şehir maratonu için kayıtlar başlamış.,Bu habere göre şehir maratonuna kayıt yaptırma ihtimaliniz nedir? (1–7)
high,Belediyenin sosyal hizmetler birimine göre ücretsiz aile danışmanlığı merkezi açıldı.,Bu habere göre aile danışmanlığı merkezinden randevu alma ihtimaliniz nedir? (1–7)
high,Belediyenin sosyal hizmetler birimine göre ücretsiz aile danışmanlığı merkezi açılmış.,Bu habere göre aile danışmanlığı merkezinden randevu alma ihtimaliniz nedir? (1–7)
low,Bir mahalle sayfasına göre ücretsiz aile danışmanlığı merkezi açıldı.,Bu habere göre aile danışmanlığı merkezinden randevu alma ihtimaliniz nedir? (1–7)
low,Bir mahalle sayfasına göre ücretsiz aile danışmanlığı merkezi açılmış.,Bu habere göre aile danışmanlığı merkezinden randevu alma ihtimaliniz nedir? (1–7)
high,Ulaşım koordinasyon merkezine göre şehirdeki taksi ücreti tarifesi güncellendi.,Bu habere göre taksiye binmeden önce ücreti kontrol etme ihtimaliniz nedir? (1–7)
high,Ulaşım koordinasyon merkezine göre şehirdeki taksi ücreti tarifesi güncellenmiş.,Bu habere göre taksiye binmeden önce ücreti kontrol etme ihtimaliniz nedir? (1–7)
low,Bir taksi şoförünün paylaşımına göre şehirdeki taksi ücreti tarifesi güncellendi.,Bu habere göre taksiye binmeden önce ücreti kontrol etme ihtimaliniz nedir? (1–7)
low,Bir taksi şoförünün paylaşımına göre şehirdeki taksi ücreti tarifesi güncellenmiş.,Bu habere göre taksiye binmeden önce ücreti kontrol etme ihtimaliniz nedir? (1–7)
high,Ulaşım dairesinin açıklamasına göre metro girişine yeni kart dolum noktası kuruldu.,Bu habere göre kart dolum noktasını kullanma ihtimaliniz nedir? (1–7)
high,Ulaşım dairesinin açıklamasına göre metro girişine yeni kart dolum noktası kurulmuş.,Bu habere göre kart dolum noktasını kullanma ihtimaliniz nedir? (1–7)
low,Bir yolcu grubuna göre metro girişine yeni kart dolum noktası kuruldu.,Bu habere göre kart dolum noktasını kullanma ihtimaliniz nedir? (1–7)
low,Bir yolcu grubuna göre metro girişine yeni kart dolum noktası kurulmuş.,Bu habere göre kart dolum noktasını kullanma ihtimaliniz nedir? (1–7)
high,Üniversitenin bilgi işlem dairesine göre dijital öğrenci kartı uygulaması başladı.,Bu habere göre dijital öğrenci kartını kullanma ihtimaliniz nedir? (1–7)
high,Üniversitenin bilgi işlem dairesine göre dijital öğrenci kartı uygulaması başlamış.,Bu habere göre dijital öğrenci kartını kullanma ihtimaliniz nedir? (1–7)
low,Bir öğrenci forumuna göre dijital öğrenci kartı uygulaması başladı.,Bu habere göre dijital öğrenci kartını kullanma ihtimaliniz nedir? (1–7)
low,Bir öğrenci forumuna göre dijital öğrenci kartı uygulaması başlamış.,Bu habere göre dijital öğrenci kartını kullanma ihtimaliniz nedir? (1–7)
high,Belediyenin kültür merkezi duyurusuna göre hafta sonu ücretsiz çocuk atölyesi açıldı.,Bu habere göre çocuğunuzu atölyeye götürme ihtimaliniz nedir? (1–7)
high,Belediyenin kültür merkezi duyurusuna göre hafta sonu ücretsiz çocuk atölyesi açılmış.,Bu habere göre çocuğunuzu atölyeye götürme ihtimaliniz nedir? (1–7)
low,Bir ebeveyn grubuna göre hafta sonu ücretsiz çocuk atölyesi açıldı.,Bu habere göre çocuğunuzu atölyeye götürme ihtimaliniz nedir? (1–7)
low,Bir ebeveyn grubuna göre hafta sonu ücretsiz çocuk atölyesi açılmış.,Bu habere göre çocuğunuzu atölyeye götürme ihtimaliniz nedir? (1–7)
high,Halk eğitim merkezinin duyurusuna göre yeni bilgisayar kursu kayıtları başladı.,Bu habere göre halk eğitim kursuna başvurma ihtimaliniz nedir? (1–7)
high,Halk eğitim merkezinin duyurusuna göre yeni bilgisayar kursu kayıtları başlamış.,Bu habere göre halk eğitim kursuna başvurma ihtimaliniz nedir? (1–7)
low,Bir mahalle grubuna göre yeni bilgisayar kursu kayıtları başladı.,Bu habere göre halk eğitim kursuna başvurma ihtimaliniz nedir? (1–7)
low,Bir mahalle grubuna göre yeni bilgisayar kursu kayıtları başlamış.,Bu habere göre halk eğitim kursuna başvurma ihtimaliniz nedir? (1–7)
high,Belediyenin turizm birimine göre orman içindeki yeni yürüyüş rotası işaretlendi.,Bu habere göre yeni yürüyüş rotasını kullanma ihtimaliniz nedir? (1–7)
high,Belediyenin turizm birimine göre orman içindeki yeni yürüyüş rotası işaretlenmiş.,Bu habere göre yeni yürüyüş rotasını kullanma ihtimaliniz nedir? (1–7)
low,Bir doğa yürüyüşü grubuna göre orman içindeki yeni yürüyüş rotası işaretlendi.,Bu habere göre yeni yürüyüş rotasını kullanma ihtimaliniz nedir? (1–7)
low,Bir doğa yürüyüşü grubuna göre orman içindeki yeni yürüyüş rotası işaretlenmiş.,Bu habere göre yeni yürüyüş rotasını kullanma ihtimaliniz nedir? (1–7)
high,Üniversitenin yapı işleri birimine göre kampüsteki yürüyüş yollarına ek aydınlatma yerleştirildi.,Bu habere göre akşam saatlerinde kampüste yürüme ihtimaliniz nedir? (1–7)
high,Üniversitenin yapı işleri birimine göre kampüsteki yürüyüş yollarına ek aydınlatma yerleştirilmiş.,Bu habere göre akşam saatlerinde kampüste yürüme ihtimaliniz nedir? (1–7)
low,Bir öğrenci paylaşımına göre kampüsteki yürüyüş yollarına ek aydınlatma yerleştirildi.,Bu habere göre akşam saatlerinde kampüste yürüme ihtimaliniz nedir? (1–7)
low,Bir öğrenci paylaşımına göre kampüsteki yürüyüş yollarına ek aydınlatma yerleştirilmiş.,Bu habere göre akşam saatlerinde kampüste yürüme ihtimaliniz nedir? (1–7)
high,Üniversitenin spor koordinatörlüğüne göre fakülteler arası voleybol turnuvası kayıtları açıldı.,Bu habere göre voleybol turnuvasına kayıt yaptırma ihtimaliniz nedir? (1–7)
high,Üniversitenin spor koordinatörlüğüne göre fakülteler arası voleybol turnuvası kayıtları açılmış.,Bu habere göre voleybol turnuvasına kayıt yaptırma ihtimaliniz nedir? (1–7)
low,Bir öğrenci kulübü paylaşımına göre fakülteler arası voleybol turnuvası kayıtları açıldı.,Bu habere göre voleybol turnuvasına kayıt yaptırma ihtimaliniz nedir? (1–7)
low,Bir öğrenci kulübü paylaşımına göre fakülteler arası voleybol turnuvası kayıtları açılmış.,Bu habere göre voleybol turnuvasına kayıt yaptırma ihtimaliniz nedir? (1–7)
